glyph_id,fingerprint,n_cells,cells,occurrences,manual_occurrences,provisional_occurrences,recording_count,recordings,broadcast_count,broadcasts,cycles,phrase_clusters,phrase_roles,near_twins_d1,near_twins_d2,nearest_neighbour_distance,family_id,family_size,top_predecessors,top_successors,first_video,first_frame,first_time_s
1,000100110100000101000010000000100000000100000000000000100000000001000010001000010,14,"(0,3) (0,6) (0,7) (1,0) (1,6) (1,8) (2,4) (3,3) (4,3) (6,0) (7,2) (7,7) (8,2) (8,7)",5,5,0,5,E6C2-1N; E6C2-N; E6C3-2; E6C3-9; E6C4-35,5,E6C2-1N; E6C2-N; E6C3-2; E6C3-9; E6C4-35,E6C2; E6C3; E6C4,H,Bridge between main and side tracks (6 broadcasts),,,11,1,1,145×1,2×4; 3×1,E6C2-N,880,29.3219
2,010000000010000100000000010000000000000010100000000000010000000000000000010000001,9,"(0,1) (1,1) (1,6) (2,7) (4,4) (4,6) (6,1) (8,1) (8,8)",5,5,0,5,E6C2-11; E6C2-N; E6C3-2; E6C3-9; E6C4-35,5,E6C2-11; E6C2-N; E6C3-2; E6C3-9; E6C4-35,E6C2; E6C3; E6C4,H,Bridge between main and side tracks (6 broadcasts),,,9,2,1,1×4,3×4; 37×1,E6C2-N,886,29.5218
3,000000000000000000010000010000000000000100000100101001010000000011000000000000001,11,"(2,1) (2,7) (4,3) (5,0) (5,3) (5,5) (5,8) (6,1) (7,1) (7,2) (8,8)",5,5,0,5,E6C2-1N; E6C2-N; E6C3-2; E6C3-9; E6C4-35,5,E6C2-1N; E6C2-N; E6C3-2; E6C3-9; E6C4-35,E6C2; E6C3; E6C4,E,Main track (5 broadcasts) — fixed segment,,37,2,3,2,2×4; 1×1,4×5,E6C2-N,892,29.7218
4,000001001000000010000000000000010000000000000000000000010010000001000001000100000,9,"(0,5) (0,8) (1,7) (3,4) (6,1) (6,4) (7,2) (7,8) (8,3)",6,6,0,6,E6C2-11; E6C2-1N; E6C2-N; E6C3-2; E6C3-9; E6C4-35,6,E6C2-11; E6C2-1N; E6C2-N; E6C3-2; E6C3-9; E6C4-35,E6C2; E6C3; E6C4,E,Main track (5 broadcasts) — fixed segment,,,8,4,1,3×5; 37×1,5×6,E6C2-N,896,29.8551
5,100001000000000000000000000000000000000010000000000000010000000000000000000000000,4,"(0,0) (0,5) (4,4) (6,1)",6,6,0,6,E6C2-11; E6C2-1N; E6C2-N; E6C3-2; E6C3-9; E6C4-35,6,E6C2-11; E6C2-1N; E6C2-N; E6C3-2; E6C3-9; E6C4-35,E6C2; E6C3; E6C4,E,Main track (5 broadcasts) — fixed segment,,,5,5,1,4×6,6×5,E6C2-N,899,29.9551
6,000000000011000000000000000000000000000000100100001000010000000001000000010000000,8,"(1,1) (1,2) (4,6) (5,0) (5,5) (6,1) (7,2) (8,1)",5,5,0,5,E6C2-11; E6C2-1N; E6C2-N; E6C3-2; E6C3-9,5,E6C2-11; E6C2-1N; E6C2-N; E6C3-2; E6C3-9,E6C2; E6C3,E,Main track (5 broadcasts) — fixed segment,,,7,6,1,5×5,7×5,E6C2-N,905,30.1551
7,001000001011000000100000000000000000000000000000000001010000000010000000000001000,9,"(0,2) (0,8) (1,1) (1,2) (2,0) (5,8) (6,1) (7,1) (8,5)",5,5,0,5,E6C2-11; E6C2-1N; E6C2-N; E6C3-2; E6C3-9,5,E6C2-11; E6C2-1N; E6C2-N; E6C3-2; E6C3-9,E6C2; E6C3,E,Main track (5 broadcasts) — fixed segment,,,8,7,1,6×5,8×5,E6C2-N,911,30.3551
8,000001001101000000100010001000000001000001000000000000000000000000000000000000001,10,"(0,5) (0,8) (1,0) (1,2) (2,0) (2,4) (2,8) (3,8) (4,5) (8,8)",5,5,0,5,E6C2-11; E6C2-1N; E6C2-N; E6C3-2; E6C3-9,5,E6C2-11; E6C2-1N; E6C2-N; E6C3-2; E6C3-9,E6C2; E6C3,E,Main track (5 broadcasts) — fixed segment,,,4,8,1,7×5,9×5,E6C2-N,917,30.5551
9,000000010000000001000000000000000000000000000000000000000000000010000000001001000,5,"(0,7) (1,8) (7,1) (8,2) (8,5)",5,5,0,5,E6C2-11; E6C2-1N; E6C2-N; E6C3-2; E6C3-9,5,E6C2-11; E6C2-1N; E6C2-N; E6C3-2; E6C3-9,E6C2; E6C3,B,Main track (6 broadcasts) — fixed segment,,,7,9,1,8×5,10×5,E6C2-N,923,30.7551
10,000000000000000000010000010000000000000000000100000000000010001000000101001000000,8,"(2,1) (2,7) (5,0) (6,4) (6,8) (7,6) (7,8) (8,2)",5,5,0,5,E6C2-11; E6C2-1N; E6C2-N; E6C3-2; E6C3-9,5,E6C2-11; E6C2-1N; E6C2-N; E6C3-2; E6C3-9,E6C2; E6C3,E,Main track (5 broadcasts) — fixed segment,,,3,10,1,9×5,11×5,E6C2-N,929,30.9551
11,100001000000000000000010000000000000000000000100010001000000000000000010100101000,10,"(0,0) (0,5) (2,4) (5,0) (5,4) (5,8) (7,7) (8,0) (8,3) (8,5)",5,5,0,5,E6C2-11; E6C2-1N; E6C2-N; E6C3-2; E6C3-9,5,E6C2-11; E6C2-1N; E6C2-N; E6C3-2; E6C3-9,E6C2; E6C3,E,Main track (5 broadcasts) — fixed segment,,,5,11,1,10×5,12×5,E6C2-N,935,31.1551
12,010000001001000001000000010000000000000000000000000000000000001001000000000000010,8,"(0,1) (0,8) (1,2) (1,8) (2,7) (6,8) (7,2) (8,7)",7,7,0,6,E6C2-11; E6C2-1N; E6C2-N; E6C3-1L; E6C3-2; E6C3-9,6,E6C2-11; E6C2-1N; E6C2-N; E6C3-1L; E6C3-2; E6C3-9,E6C2; E6C3,E,Main track (5 broadcasts) — fixed segment,,,7,12,1,11×5; 107×1; 12×1,13×5; 12×1; 108×1,E6C2-N,941,31.3551
13,001000000010000100010000001000010001000000000000000001000000010100000001100001101,15,"(0,2) (1,1) (1,6) (2,1) (2,8) (3,4) (3,8) (5,8) (6,7) (7,0) (7,8) (8,0) (8,5) (8,6) (8,8)",5,5,0,5,E6C2-11; E6C2-1N; E6C2-N; E6C3-2; E6C3-9,5,E6C2-11; E6C2-1N; E6C2-N; E6C3-2; E6C3-9,E6C2; E6C3,E,Main track (5 broadcasts) — fixed segment,,,4,13,1,12×5,14×5,E6C2-N,947,31.5551
14,100000010000000000000000000000000000001010100000001000000000010100000001000001000,10,"(0,0) (0,7) (4,2) (4,4) (4,6) (5,5) (6,7) (7,0) (7,8) (8,5)",5,5,0,5,E6C2-11; E6C2-1N; E6C2-N; E6C3-2; E6C3-9,5,E6C2-11; E6C2-1N; E6C2-N; E6C3-2; E6C3-9,E6C2; E6C3,B,Main track (6 broadcasts) — fixed segment,,,4,14,1,13×5,15×5,E6C2-N,953,31.7551
15,000001000110000100000000000100110000000101000000000000000000000000000010000000001,11,"(0,5) (1,0) (1,1) (1,6) (3,0) (3,3) (3,4) (4,3) (4,5) (7,7) (8,8)",5,5,0,5,E6C2-11; E6C2-1N; E6C2-N; E6C3-2; E6C3-9,5,E6C2-11; E6C2-1N; E6C2-N; E6C3-2; E6C3-9,E6C2; E6C3,B,Main track (6 broadcasts) — fixed segment,,110,2,15,2,14×5,16×5,E6C2-N,959,31.9551
16,001000001000000101000000011000100000000000100000000000000010010100000000000000010,12,"(0,2) (0,8) (1,6) (1,8) (2,7) (2,8) (3,3) (4,6) (6,4) (6,7) (7,0) (8,7)",5,5,0,5,E6C2-11; E6C2-1N; E6C2-N; E6C3-2; E6C3-9,5,E6C2-11; E6C2-1N; E6C2-N; E6C3-2; E6C3-9,E6C2; E6C3,B,Main track (6 broadcasts) — fixed segment,111,,1,16,2,15×5,17×5,E6C2-N,965,32.1551
17,000000000110000000000000000100001001000010000000100000100000000000000010000000000,9,"(1,0) (1,1) (3,0) (3,5) (3,8) (4,4) (5,3) (6,0) (7,7)",6,6,0,6,E6C2-11; E6C2-1N; E6C2-N; E6C3-1L; E6C3-2; E6C3-9,6,E6C2-11; E6C2-1N; E6C2-N; E6C3-1L; E6C3-2; E6C3-9,E6C2; E6C3,B,Main track (6 broadcasts) — fixed segment,,,8,17,1,16×5; 111×1,18×6,E6C2-N,971,32.3551
18,000000000000000100000000010000110000000001000000001001000000000100000000001000100,10,"(1,6) (2,7) (3,3) (3,4) (4,5) (5,5) (5,8) (7,0) (8,2) (8,6)",6,6,0,6,E6C2-11; E6C2-1N; E6C2-N; E6C3-1L; E6C3-2; E6C3-9,6,E6C2-11; E6C2-1N; E6C2-N; E6C3-1L; E6C3-2; E6C3-9,E6C2; E6C3,B,Main track (6 broadcasts) — fixed segment,,,10,18,1,17×6,19×6,E6C2-N,977,32.5551
19,001001000000000000000000010000000000000000000000000001100000000101000000000101000,9,"(0,2) (0,5) (2,7) (5,8) (6,0) (7,0) (7,2) (8,3) (8,5)",6,6,0,6,E6C2-11; E6C2-1N; E6C2-N; E6C3-1L; E6C3-2; E6C3-9,6,E6C2-11; E6C2-1N; E6C2-N; E6C3-1L; E6C3-2; E6C3-9,E6C2; E6C3,B,Main track (6 broadcasts) — fixed segment,,,8,19,1,18×6,20×6,E6C2-N,986,32.8551
20,000001000000000000000000000100000000000000000000011000010000010000000000000000000,6,"(0,5) (3,0) (5,4) (5,5) (6,1) (6,7)",6,6,0,6,E6C2-11; E6C2-1N; E6C2-N; E6C3-1L; E6C3-2; E6C3-9,6,E6C2-11; E6C2-1N; E6C2-N; E6C3-1L; E6C3-2; E6C3-9,E6C2; E6C3,B,Main track (6 broadcasts) — fixed segment,,,6,20,1,19×6,21×6,E6C2-N,989,32.9551
21,001000000110000000110000000000000000000100000100000000000000000100000010000000100,10,"(0,2) (1,0) (1,1) (2,0) (2,1) (4,3) (5,0) (7,0) (7,7) (8,6)",6,6,0,6,E6C2-11; E6C2-1N; E6C2-N; E6C3-1L; E6C3-2; E6C3-9,6,E6C2-11; E6C2-1N; E6C2-N; E6C3-1L; E6C3-2; E6C3-9,E6C2; E6C3,B,Main track (6 broadcasts) — fixed segment,,,10,21,1,20×6,22×6,E6C2-N,995,33.1551
22,000000000000000010000000000000010001000000000000100000110000000001000000000000100,8,"(1,7) (3,4) (3,8) (5,3) (6,0) (6,1) (7,2) (8,6)",6,6,0,6,E6C2-11; E6C2-1N; E6C2-N; E6C3-1L; E6C3-2; E6C3-9,6,E6C2-11; E6C2-1N; E6C2-N; E6C3-1L; E6C3-2; E6C3-9,E6C2; E6C3,B,Main track (6 broadcasts) — fixed segment,,,7,22,1,21×6,23×6,E6C2-N,1001,33.3551
23,000000000001000001000000010000100001001001000000000000000000001001000000000000000,9,"(1,2) (1,8) (2,7) (3,3) (3,8) (4,2) (4,5) (6,8) (7,2)",6,6,0,6,E6C2-11; E6C2-1N; E6C2-N; E6C3-1L; E6C3-2; E6C3-9,6,E6C2-11; E6C2-1N; E6C2-N; E6C3-1L; E6C3-2; E6C3-9,E6C2; E6C3,B,Main track (6 broadcasts) — fixed segment,,,7,23,1,22×6,24×6,E6C2-N,1007,33.5551
24,000000000000000001000000000000100000000000000000000000000000000000000010000000001,4,"(1,8) (3,3) (7,7) (8,8)",6,6,0,6,E6C2-11; E6C2-1N; E6C2-N; E6C3-1L; E6C3-2; E6C3-9,6,E6C2-11; E6C2-1N; E6C2-N; E6C3-1L; E6C3-2; E6C3-9,E6C2; E6C3,B,Main track (6 broadcasts) — fixed segment,,,6,24,1,23×6,25×6,E6C2-N,1013,33.7551
25,001000000000000000100000010000010000000011000000000001000000001001000000001100100,12,"(0,2) (2,0) (2,7) (3,4) (4,4) (4,5) (5,8) (6,8) (7,2) (8,2) (8,3) (8,6)",6,6,0,6,E6C2-11; E6C2-1N; E6C2-N; E6C3-1L; E6C3-2; E6C3-9,6,E6C2-11; E6C2-1N; E6C2-N; E6C3-1L; E6C3-2; E6C3-9,E6C2; E6C3,B,Main track (6 broadcasts) — fixed segment,,,10,25,1,24×6,26×6,E6C2-N,1019,33.9551
26,000000011000000000000000000000000000001100000000000000000000010101000001000000000,8,"(0,7) (0,8) (4,2) (4,3) (6,7) (7,0) (7,2) (7,8)",6,6,0,6,E6C2-11; E6C2-1N; E6C2-N; E6C3-1L; E6C3-2; E6C3-9,6,E6C2-11; E6C2-1N; E6C2-N; E6C3-1L; E6C3-2; E6C3-9,E6C2; E6C3,B,Main track (6 broadcasts) — fixed segment,,,6,26,1,25×6,27×6,E6C2-N,1026,34.1884
27,101000000100000000010000000000000000000100100000000000110010010010000000001000000,12,"(0,0) (0,2) (1,0) (2,1) (4,3) (4,6) (6,0) (6,1) (6,4) (6,7) (7,1) (8,2)",6,6,0,6,E6C2-11; E6C2-1N; E6C2-N; E6C3-1L; E6C3-2; E6C3-9,6,E6C2-11; E6C2-1N; E6C2-N; E6C3-1L; E6C3-2; E6C3-9,E6C2; E6C3,,,,,9,27,1,26×6,28×6,E6C2-N,1031,34.3551
28,000000000000000100000000001100100000000000000000000000100000001000000000010000000,7,"(1,6) (2,8) (3,0) (3,3) (6,0) (6,8) (8,1)",6,6,0,6,E6C2-11; E6C2-1N; E6C2-N; E6C3-1L; E6C3-2; E6C3-9,6,E6C2-11; E6C2-1N; E6C2-N; E6C3-1L; E6C3-2; E6C3-9,E6C2; E6C3,J,Main track (4 broadcasts) — fixed segment,,,7,28,1,27×6,29×6,E6C2-N,1037,34.5551
29,010000100100000000000000000000000000001000000000000000000010000001000000000000000,6,"(0,1) (0,6) (1,0) (4,2) (6,4) (7,2)",6,6,0,6,E6C2-11; E6C2-1N; E6C2-N; E6C3-1L; E6C3-2; E6C3-9,6,E6C2-11; E6C2-1N; E6C2-N; E6C3-1L; E6C3-2; E6C3-9,E6C2; E6C3,,,,,6,29,1,28×6,30×5,E6C2-N,1043,34.7551
30,000001000000000100010000000000100000000100000000000000000000000001000000001001010,9,"(0,5) (1,6) (2,1) (3,3) (4,3) (7,2) (8,2) (8,5) (8,7)",5,5,0,5,E6C2-11; E6C2-1N; E6C2-N; E6C3-1L; E6C3-9,5,E6C2-11; E6C2-1N; E6C2-N; E6C3-1L; E6C3-9,E6C2; E6C3,J,Main track (4 broadcasts) — fixed segment,,,6,30,1,29×5,31×4,E6C2-N,1049,34.9551
31,000000000000000000000000010000011001000000000000000000000000000000000001001000000,6,"(2,7) (3,4) (3,5) (3,8) (7,8) (8,2)",4,4,0,4,E6C2-11; E6C2-N; E6C3-1L; E6C3-9,4,E6C2-11; E6C2-N; E6C3-1L; E6C3-9,E6C2; E6C3,L,Main track (3 broadcasts) — fixed segment,,,6,31,1,30×4,32×4,E6C2-N,1055,35.1551
32,100000000001000000000000010000000000000001000000010000010000000001000100011000101,12,"(0,0) (1,2) (2,7) (4,5) (5,4) (6,1) (7,2) (7,6) (8,1) (8,2) (8,6) (8,8)",4,4,0,4,E6C2-11; E6C2-N; E6C3-1L; E6C3-9,4,E6C2-11; E6C2-N; E6C3-1L; E6C3-9,E6C2; E6C3,L,Main track (3 broadcasts) — fixed segment,,,11,32,1,31×4,33×4,E6C2-N,1061,35.3551
33,001001010010000100010000001000100001000000000000010000000000000101000000001000000,13,"(0,2) (0,5) (0,7) (1,1) (1,6) (2,1) (2,8) (3,3) (3,8) (5,4) (7,0) (7,2) (8,2)",4,4,0,4,E6C2-11; E6C2-N; E6C3-1L; E6C3-9,4,E6C2-11; E6C2-N; E6C3-1L; E6C3-9,E6C2; E6C3,,,,,10,33,1,32×4,34×3,E6C2-N,1067,35.5551
34,000000000100000110000010001000010000001100000000001000000000000010000000001000110,13,"(1,0) (1,6) (1,7) (2,4) (2,8) (3,4) (4,2) (4,3) (5,5) (7,1) (8,2) (8,6) (8,7)",3,3,0,3,E6C2-N; E6C3-1L; E6C3-9,3,E6C2-N; E6C3-1L; E6C3-9,E6C2; E6C3,,,,,11,34,1,33×3,35×3,E6C2-N,1073,35.7551
35,010000000010000010010010010000011000000000100000000000010000000000000000000000000,10,"(0,1) (1,1) (1,7) (2,1) (2,4) (2,7) (3,4) (3,5) (4,6) (6,1)",3,3,0,3,E6C2-N; E6C3-1L; E6C3-9,3,E6C2-N; E6C3-1L; E6C3-9,E6C2; E6C3,,,,,9,35,1,34×3,36×3,E6C2-N,1079,35.9551
36,010000010100000100000000000000000000000000000000001000000010001100000000000000100,9,"(0,1) (0,7) (1,0) (1,6) (5,5) (6,4) (6,8) (7,0) (8,6)",3,3,0,3,E6C2-N; E6C3-1L; E6C3-9,3,E6C2-N; E6C3-1L; E6C3-9,E6C2; E6C3,,,,,9,36,1,35×3,,E6C2-N,1085,36.1551
37,000000000000000000010000010000000000000100000100101000010000000011000000000000000,9,"(2,1) (2,7) (4,3) (5,0) (5,3) (5,5) (6,1) (7,1) (7,2)",1,1,0,1,E6C2-11,1,E6C2-11,E6C2,D,Side track core (12 broadcasts) — most-replayed payload,,3,2,3,2,2×1,4×1,E6C2-11,626,20.8586
38,000000000000000000000000000000001000000010000000100001000000010001000000000000000,6,"(3,5) (4,4) (5,3) (5,8) (6,7) (7,2)",18,12,6,18,E6C2-1K; E6C4-13; E6C4-16; E6C4-17; E6C4-18; E6C4-19; E6C4-1G; E6C4-1H; E6C4-2T; E6C4-2T [local capture]; E6C4-30; E6C4-30 [local capture]; E6C4-35; E6C5-2J; E6C5-N; E6C6-11; E6C6-1R; E6C6-21,16,E6C2-1K; E6C4-13; E6C4-16; E6C4-17; E6C4-18; E6C4-19; E6C4-1G; E6C4-1H; E6C4-2T; E6C4-30; E6C4-35; E6C5-2J; E6C5-N; E6C6-11; E6C6-1R; E6C6-21,E6C2; E6C4; E6C5; E6C6,G,Side track core (10 broadcasts) — most-replayed payload,,,6,37,1,112×17,39×16; 41×1; 130×1,E6C2-1K,226,7.5364
39,000101000001000000010000000100000000000000100100000000000000000000000001000000001,9,"(0,3) (0,5) (1,2) (2,1) (3,0) (4,6) (5,0) (7,8) (8,8)",16,10,6,16,E6C2-1K; E6C4-16; E6C4-18; E6C4-19; E6C4-1G; E6C4-1H; E6C4-2T; E6C4-2T [local capture]; E6C4-30; E6C4-30 [local capture]; E6C4-35; E6C5-2J; E6C5-N; E6C6-11; E6C6-1R; E6C6-21,14,E6C2-1K; E6C4-16; E6C4-18; E6C4-19; E6C4-1G; E6C4-1H; E6C4-2T; E6C4-30; E6C4-35; E6C5-2J; E6C5-N; E6C6-11; E6C6-1R; E6C6-21,E6C2; E6C4; E6C5; E6C6,G,Side track core (10 broadcasts) — most-replayed payload,,130,2,38,2,38×16,40×12; 131×4,E6C2-1K,227,7.5697
40,100000000000000001000000000000000000000001000100000000000000000010000000000001011,8,"(0,0) (1,8) (4,5) (5,0) (7,1) (8,5) (8,7) (8,8)",12,10,2,12,E6C2-1K; E6C4-16; E6C4-18; E6C4-19; E6C4-1G; E6C4-1H; E6C4-2T; E6C4-30; E6C4-30 [local capture]; E6C4-35; E6C5-N; E6C6-1R,11,E6C2-1K; E6C4-16; E6C4-18; E6C4-19; E6C4-1G; E6C4-1H; E6C4-2T; E6C4-30; E6C4-35; E6C5-N; E6C6-1R,E6C2; E6C4; E6C5; E6C6,,,131,,1,39,2,39×12,41×12,E6C2-1K,238,7.9364
41,000101000010000010010000001000000000001010000100000000000000000000000010000100001,12,"(0,3) (0,5) (1,1) (1,7) (2,1) (2,8) (4,2) (4,4) (5,0) (7,7) (8,3) (8,8)",17,11,6,17,E6C2-1K; E6C4-13; E6C4-16; E6C4-18; E6C4-19; E6C4-1G; E6C4-1H; E6C4-2T; E6C4-2T [local capture]; E6C4-30; E6C4-30 [local capture]; E6C4-35; E6C5-2J; E6C5-N; E6C6-11; E6C6-1R; E6C6-21,15,E6C2-1K; E6C4-13; E6C4-16; E6C4-18; E6C4-19; E6C4-1G; E6C4-1H; E6C4-2T; E6C4-30; E6C4-35; E6C5-2J; E6C5-N; E6C6-11; E6C6-1R; E6C6-21,E6C2; E6C4; E6C5; E6C6,D,Side track core (12 broadcasts) — most-replayed payload,,,3,40,1,40×12; 131×4; 38×1,42×17,E6C2-1K,244,8.1364
42,000000000101000010000000000100010000000000000000000001100000000000000000000100010,9,"(1,0) (1,2) (1,7) (3,0) (3,4) (5,8) (6,0) (8,3) (8,7)",19,12,7,19,E6C2-1K; E6C4-13; E6C4-16; E6C4-17; E6C4-18; E6C4-19; E6C4-1G; E6C4-1H; E6C4-2T; E6C4-2T [local capture]; E6C4-30; E6C4-30 [local capture]; E6C4-35; E6C5-13; E6C5-2J; E6C5-N; E6C6-11; E6C6-1R; E6C6-21,17,E6C2-1K; E6C4-13; E6C4-16; E6C4-17; E6C4-18; E6C4-19; E6C4-1G; E6C4-1H; E6C4-2T; E6C4-30; E6C4-35; E6C5-13; E6C5-2J; E6C5-N; E6C6-11; E6C6-1R; E6C6-21,E6C2; E6C4; E6C5; E6C6,D,Side track core (12 broadcasts) — most-replayed payload,,,6,41,1,41×17; 132×1,43×19,E6C2-1K,250,8.3363
43,100101000000000001100000011000100000001100000000010000000000011000000010000000011,16,"(0,0) (0,3) (0,5) (1,8) (2,0) (2,7) (2,8) (3,3) (4,2) (4,3) (5,4) (6,7) (6,8) (7,7) (8,7) (8,8)",19,12,7,19,E6C2-1K; E6C4-13; E6C4-16; E6C4-17; E6C4-18; E6C4-19; E6C4-1G; E6C4-1H; E6C4-2T; E6C4-2T [local capture]; E6C4-30; E6C4-30 [local capture]; E6C4-35; E6C5-13; E6C5-2J; E6C5-N; E6C6-11; E6C6-1R; E6C6-21,17,E6C2-1K; E6C4-13; E6C4-16; E6C4-17; E6C4-18; E6C4-19; E6C4-1G; E6C4-1H; E6C4-2T; E6C4-30; E6C4-35; E6C5-13; E6C5-2J; E6C5-N; E6C6-11; E6C6-1R; E6C6-21,E6C2; E6C4; E6C5; E6C6,D,Side track core (12 broadcasts) — most-replayed payload,,,12,42,1,42×19,44×19,E6C2-1K,251,8.3697
44,010001000110000000000000000000000000000000000000011000000000000010000000000000010,8,"(0,1) (0,5) (1,0) (1,1) (5,4) (5,5) (7,1) (8,7)",19,12,7,19,E6C2-1K; E6C4-13; E6C4-16; E6C4-17; E6C4-18; E6C4-19; E6C4-1G; E6C4-1H; E6C4-2T; E6C4-2T [local capture]; E6C4-30; E6C4-30 [local capture]; E6C4-35; E6C5-13; E6C5-2J; E6C5-N; E6C6-11; E6C6-1R; E6C6-21,17,E6C2-1K; E6C4-13; E6C4-16; E6C4-17; E6C4-18; E6C4-19; E6C4-1G; E6C4-1H; E6C4-2T; E6C4-30; E6C4-35; E6C5-13; E6C5-2J; E6C5-N; E6C6-11; E6C6-1R; E6C6-21,E6C2; E6C4; E6C5; E6C6,D,Side track core (12 broadcasts) — most-replayed payload,,,8,43,1,43×19,45×19,E6C2-1K,262,8.7363
45,010000000000000100010000000100011001001001000000100000000000001000000000001000011,14,"(0,1) (1,6) (2,1) (3,0) (3,4) (3,5) (3,8) (4,2) (4,5) (5,3) (6,8) (8,2) (8,7) (8,8)",19,12,7,19,E6C2-1K; E6C4-13; E6C4-16; E6C4-17; E6C4-18; E6C4-19; E6C4-1G; E6C4-1H; E6C4-2T; E6C4-2T [local capture]; E6C4-30; E6C4-30 [local capture]; E6C4-35; E6C5-13; E6C5-2J; E6C5-N; E6C6-11; E6C6-1R; E6C6-21,17,E6C2-1K; E6C4-13; E6C4-16; E6C4-17; E6C4-18; E6C4-19; E6C4-1G; E6C4-1H; E6C4-2T; E6C4-30; E6C4-35; E6C5-13; E6C5-2J; E6C5-N; E6C6-11; E6C6-1R; E6C6-21,E6C2; E6C4; E6C5; E6C6,D,Side track core (12 broadcasts) — most-replayed payload,,,12,44,1,44×19,46×19,E6C2-1K,264,8.803
46,000000101100000110000000000000000000000100000000100001000000011000000000000000010,11,"(0,6) (0,8) (1,0) (1,6) (1,7) (4,3) (5,3) (5,8) (6,7) (6,8) (8,7)",19,12,7,19,E6C2-1K; E6C4-13; E6C4-16; E6C4-17; E6C4-18; E6C4-19; E6C4-1G; E6C4-1H; E6C4-2T; E6C4-2T [local capture]; E6C4-30; E6C4-30 [local capture]; E6C4-35; E6C5-13; E6C5-2J; E6C5-N; E6C6-11; E6C6-1R; E6C6-21,17,E6C2-1K; E6C4-13; E6C4-16; E6C4-17; E6C4-18; E6C4-19; E6C4-1G; E6C4-1H; E6C4-2T; E6C4-30; E6C4-35; E6C5-13; E6C5-2J; E6C5-N; E6C6-11; E6C6-1R; E6C6-21,E6C2; E6C4; E6C5; E6C6,D,Side track core (12 broadcasts) — most-replayed payload,,,10,45,1,45×19,47×19,E6C2-1K,270,9.003
47,000001000011000010000000010100000000001100000000000000000010000000000001000000001,11,"(0,5) (1,1) (1,2) (1,7) (2,7) (3,0) (4,2) (4,3) (6,4) (7,8) (8,8)",19,12,7,19,E6C2-1K; E6C4-13; E6C4-16; E6C4-17; E6C4-18; E6C4-19; E6C4-1G; E6C4-1H; E6C4-2T; E6C4-2T [local capture]; E6C4-30; E6C4-30 [local capture]; E6C4-35; E6C5-13; E6C5-2J; E6C5-N; E6C6-11; E6C6-1R; E6C6-21,17,E6C2-1K; E6C4-13; E6C4-16; E6C4-17; E6C4-18; E6C4-19; E6C4-1G; E6C4-1H; E6C4-2T; E6C4-30; E6C4-35; E6C5-13; E6C5-2J; E6C5-N; E6C6-11; E6C6-1R; E6C6-21,E6C2; E6C4; E6C5; E6C6,D,Side track core (12 broadcasts) — most-replayed payload,,,9,46,1,46×19,48×19,E6C2-1K,275,9.1696
48,011000000000000000000010000000101000001010000000000000000000001010000000000000000,9,"(0,1) (0,2) (2,4) (3,3) (3,5) (4,2) (4,4) (6,8) (7,1)",19,12,7,19,E6C2-1K; E6C4-13; E6C4-16; E6C4-17; E6C4-18; E6C4-19; E6C4-1G; E6C4-1H; E6C4-2T; E6C4-2T [local capture]; E6C4-30; E6C4-30 [local capture]; E6C4-35; E6C5-13; E6C5-2J; E6C5-N; E6C6-11; E6C6-1R; E6C6-21,17,E6C2-1K; E6C4-13; E6C4-16; E6C4-17; E6C4-18; E6C4-19; E6C4-1G; E6C4-1H; E6C4-2T; E6C4-30; E6C4-35; E6C5-13; E6C5-2J; E6C5-N; E6C6-11; E6C6-1R; E6C6-21,E6C2; E6C4; E6C5; E6C6,D,Side track core (12 broadcasts) — most-replayed payload,,,9,47,1,47×19,49×19,E6C2-1K,281,9.3696
49,001000000000000000100000011000101000000000000000000000100000000100000101000100000,11,"(0,2) (2,0) (2,7) (2,8) (3,3) (3,5) (6,0) (7,0) (7,6) (7,8) (8,3)",19,12,7,19,E6C2-1K; E6C4-13; E6C4-16; E6C4-17; E6C4-18; E6C4-19; E6C4-1G; E6C4-1H; E6C4-2T; E6C4-2T [local capture]; E6C4-30; E6C4-30 [local capture]; E6C4-35; E6C5-13; E6C5-2J; E6C5-N; E6C6-11; E6C6-1R; E6C6-21,17,E6C2-1K; E6C4-13; E6C4-16; E6C4-17; E6C4-18; E6C4-19; E6C4-1G; E6C4-1H; E6C4-2T; E6C4-30; E6C4-35; E6C5-13; E6C5-2J; E6C5-N; E6C6-11; E6C6-1R; E6C6-21,E6C2; E6C4; E6C5; E6C6,D,Side track core (12 broadcasts) — most-replayed payload,,,10,48,1,48×19,50×19,E6C2-1K,287,9.5696
50,000000001100000010000000000100010000000000000000000000000000000000000000000000000,5,"(0,8) (1,0) (1,7) (3,0) (3,4)",19,12,7,19,E6C2-1K; E6C4-13; E6C4-16; E6C4-17; E6C4-18; E6C4-19; E6C4-1G; E6C4-1H; E6C4-2T; E6C4-2T [local capture]; E6C4-30; E6C4-30 [local capture]; E6C4-35; E6C5-13; E6C5-2J; E6C5-N; E6C6-11; E6C6-1R; E6C6-21,17,E6C2-1K; E6C4-13; E6C4-16; E6C4-17; E6C4-18; E6C4-19; E6C4-1G; E6C4-1H; E6C4-2T; E6C4-30; E6C4-35; E6C5-13; E6C5-2J; E6C5-N; E6C6-11; E6C6-1R; E6C6-21,E6C2; E6C4; E6C5; E6C6,D,Side track core (12 broadcasts) — most-replayed payload,,,5,49,1,49×19,51×19,E6C2-1K,293,9.7696
51,000000000001000000010000000000000000000100000000000000000000000001000000000001000,5,"(1,2) (2,1) (4,3) (7,2) (8,5)",19,12,7,19,E6C2-1K; E6C4-13; E6C4-16; E6C4-17; E6C4-18; E6C4-19; E6C4-1G; E6C4-1H; E6C4-2T; E6C4-2T [local capture]; E6C4-30; E6C4-30 [local capture]; E6C4-35; E6C5-13; E6C5-2J; E6C5-N; E6C6-11; E6C6-1R; E6C6-21,17,E6C2-1K; E6C4-13; E6C4-16; E6C4-17; E6C4-18; E6C4-19; E6C4-1G; E6C4-1H; E6C4-2T; E6C4-30; E6C4-35; E6C5-13; E6C5-2J; E6C5-N; E6C6-11; E6C6-1R; E6C6-21,E6C2; E6C4; E6C5; E6C6,,,,,6,50,1,50×19,52×10; 133×4,E6C2-1K,299,9.9696
52,100000100001000000000000000000010000001000000000001000000000000100000000010100001,10,"(0,0) (0,6) (1,2) (3,4) (4,2) (5,5) (7,0) (8,1) (8,3) (8,8)",10,9,1,10,E6C2-1K; E6C4-13; E6C4-16; E6C4-19; E6C4-1H; E6C4-2T; E6C4-2T [local capture]; E6C4-30; E6C4-35; E6C5-N,9,E6C2-1K; E6C4-13; E6C4-16; E6C4-19; E6C4-1H; E6C4-2T; E6C4-30; E6C4-35; E6C5-N,E6C2; E6C4; E6C5,,,133,,1,51,2,51×10,53×4,E6C2-1K,305,10.1696
53,001000000001000000100000010100000000000000000000000000100000000001000000000000000,7,"(0,2) (1,2) (2,0) (2,7) (3,0) (6,0) (7,2)",5,4,1,5,E6C2-1K; E6C4-13; E6C4-16; E6C4-35; E6C5-13,5,E6C2-1K; E6C4-13; E6C4-16; E6C4-35; E6C5-13,E6C2; E6C4; E6C5,,,,,8,52,1,52×4; 133×1,54×4,E6C2-1K,310,10.3363
54,000001000010000000000000010000100000001000000000100000010000000000000010001000111,12,"(0,5) (1,1) (2,7) (3,3) (4,2) (5,3) (6,1) (7,7) (8,2) (8,6) (8,7) (8,8)",4,3,1,4,E6C2-1K; E6C4-16; E6C4-35; E6C5-13,4,E6C2-1K; E6C4-16; E6C4-35; E6C5-13,E6C2; E6C4; E6C5,C,Side track (2 broadcasts) — opener/tail segment,,,8,53,1,53×4,55×2,E6C2-1K,317,10.5696
55,000000000000000000000000001100010000000000000000000000000000000000000000011000100,6,"(2,8) (3,0) (3,4) (8,1) (8,2) (8,6)",3,2,1,3,E6C2-1K; E6C4-35; E6C6-D,3,E6C2-1K; E6C4-35; E6C6-D,E6C2; E6C4; E6C6,C,Side track (2 broadcasts) — opener/tail segment,,,6,54,1,54×2,56×3,E6C2-1K,323,10.7696
56,000000100000000001100000001000000000000100000000000000100000000010000000001000000,8,"(0,6) (1,8) (2,0) (2,8) (4,3) (6,0) (7,1) (8,2)",3,2,1,3,E6C2-1K; E6C4-35; E6C6-D,3,E6C2-1K; E6C4-35; E6C6-D,E6C2; E6C4; E6C6,,,,,7,55,1,55×3,57×2; 58×1,E6C2-1K,329,10.9696
57,010000000101000000000000000000001000000010000000000001000000000001000010000000000,8,"(0,1) (1,0) (1,2) (3,5) (4,4) (5,8) (7,2) (7,7)",2,1,1,2,E6C2-1K; E6C6-D,2,E6C2-1K; E6C6-D,E6C2; E6C6,C,Side track (2 broadcasts) — opener/tail segment,,,6,56,1,56×2,58×2,E6C2-1K,335,11.1696
58,001001000000000001000000000000110000000000000100010000000000000000000000000000011,9,"(0,2) (0,5) (1,8) (3,3) (3,4) (5,0) (5,4) (8,7) (8,8)",3,2,1,3,E6C2-1K; E6C4-35; E6C6-D,3,E6C2-1K; E6C4-35; E6C6-D,E6C2; E6C4; E6C6,C,Side track (2 broadcasts) — opener/tail segment,,,7,57,1,57×2; 56×1,59×3,E6C2-1K,342,11.403
59,001000000001000010000000001000000000000000100000000000000000000000000000000000000,5,"(0,2) (1,2) (1,7) (2,8) (4,6)",3,2,1,3,E6C2-1K; E6C4-35; E6C6-D,3,E6C2-1K; E6C4-35; E6C6-D,E6C2; E6C4; E6C6,C,Side track (2 broadcasts) — opener/tail segment,,,6,58,1,58×3,60×3,E6C2-1K,347,11.5696
60,000000000000000001000000000100110000000000000000010000100000010000000000000001010,9,"(1,8) (3,0) (3,3) (3,4) (5,4) (6,0) (6,7) (8,5) (8,7)",3,2,1,3,E6C2-1K; E6C4-35; E6C6-D,3,E6C2-1K; E6C4-35; E6C6-D,E6C2; E6C4; E6C6,C,Side track (2 broadcasts) — opener/tail segment,,,8,59,1,59×3,61×3,E6C2-1K,354,11.8029
61,000100100000000000000000000000101000000010000000000000000010000100000000001000100,9,"(0,3) (0,6) (3,3) (3,5) (4,4) (6,4) (7,0) (8,2) (8,6)",3,2,1,3,E6C2-1K; E6C4-35; E6C6-D,3,E6C2-1K; E6C4-35; E6C6-D,E6C2; E6C4; E6C6,C,Side track (2 broadcasts) — opener/tail segment,,,7,60,1,60×3,62×3,E6C2-1K,359,11.9696
62,000100101000000000010010000000001000001010100100100000000000010000000000000000010,13,"(0,3) (0,6) (0,8) (2,1) (2,4) (3,5) (4,2) (4,4) (4,6) (5,0) (5,3) (6,7) (8,7)",4,3,1,4,E6C2-1K; E6C4-35; E6C6-D; Youtube_1,4,E6C2-1K; E6C4-35; E6C6-D; Youtube_1,E6C2; E6C4; E6C6; Era 5 legacy,C,Side track (2 broadcasts) — opener/tail segment,,,10,61,1,61×3,63×4,E6C2-1K,365,12.1696
63,000100000010000000010010001000010000000001000000010000000000000000000000110000001,11,"(0,3) (1,1) (2,1) (2,4) (2,8) (3,4) (4,5) (5,4) (8,0) (8,1) (8,8)",4,3,1,4,E6C2-1K; E6C4-35; E6C6-D; Youtube_1,4,E6C2-1K; E6C4-35; E6C6-D; Youtube_1,E6C2; E6C4; E6C6; Era 5 legacy,C,Side track (2 broadcasts) — opener/tail segment,,,10,62,1,62×4,64×4,E6C2-1K,372,12.4029
64,000000100000000000000000000100100000000000100000000000000010010000000101010000100,10,"(0,6) (3,0) (3,3) (4,6) (6,4) (6,7) (7,6) (7,8) (8,1) (8,6)",4,3,1,4,E6C2-1K; E6C4-35; E6C6-D; Youtube_1,4,E6C2-1K; E6C4-35; E6C6-D; Youtube_1,E6C2; E6C4; E6C6; Era 5 legacy,C,Side track (2 broadcasts) — opener/tail segment,,,9,63,1,63×4,65×4,E6C2-1K,376,12.5363
65,000000000000000001100000001000001000000000100000100000000000000000000010001100000,9,"(1,8) (2,0) (2,8) (3,5) (4,6) (5,3) (7,7) (8,2) (8,3)",4,3,1,4,E6C2-1K; E6C4-35; E6C6-D; Youtube_1,4,E6C2-1K; E6C4-35; E6C6-D; Youtube_1,E6C2; E6C4; E6C6; Era 5 legacy,C,Side track (2 broadcasts) — opener/tail segment,,,8,64,1,64×4,66×4,E6C2-1K,382,12.7363
66,000001100101000001000000000000010000001000000000001000000000000010000001000000010,11,"(0,5) (0,6) (1,0) (1,2) (1,8) (3,4) (4,2) (5,5) (7,1) (7,8) (8,7)",4,3,1,4,E6C2-1K; E6C4-35; E6C6-D; Youtube_1,4,E6C2-1K; E6C4-35; E6C6-D; Youtube_1,E6C2; E6C4; E6C6; Era 5 legacy,C,Side track (2 broadcasts) — opener/tail segment,,,9,65,1,65×4,67×4,E6C2-1K,389,12.9696
67,000000000000000000000000000000010000000000000100000000000000000000000000000000000,2,"(3,4) (5,0)",6,3,3,5,E6C2-1K; E6C4-30 [local capture]; E6C4-35; E6C6-D; Youtube_1,5,E6C2-1K; E6C4-30; E6C4-35; E6C6-D; Youtube_1,E6C2; E6C4; E6C6; Era 5 legacy,K,Bridge between main and side tracks (4 broadcasts),,,5,66,1,66×4; 67×1,135×3; 67×1; 120×1,E6C2-1K,396,13.2029
68,000001011001000010010000000100001001000000000000000001100000000001000010100000100,15,"(0,5) (0,7) (0,8) (1,2) (1,7) (2,1) (3,0) (3,5) (3,8) (5,8) (6,0) (7,2) (7,7) (8,0) (8,6)",1,1,0,1,E6C3-18,1,E6C3-18,E6C3,K,Bridge between main and side tracks (4 broadcasts),,,13,67,1,,69×1,E6C3-18,642,21.4031
69,000100001000000000000000001000010000000000000100000000000000001000000001000000001,8,"(0,3) (0,8) (2,8) (3,4) (5,0) (6,8) (7,8) (8,8)",1,1,0,1,E6C3-18,1,E6C3-18,E6C3,,,,,6,68,1,68×1,70×1,E6C3-18,648,21.6031
70,000000000001000000000000000000000000000100000100000000010000000000000100010000010,7,"(1,2) (4,3) (5,0) (6,1) (7,6) (8,1) (8,7)",1,1,0,1,E6C3-18,1,E6C3-18,E6C3,,,,,7,69,1,69×1,71×1,E6C3-18,654,21.803
71,000000000001000000000000001000000001001001100000011000000000000000000001000000110,11,"(1,2) (2,8) (3,8) (4,2) (4,5) (4,6) (5,4) (5,5) (7,8) (8,6) (8,7)",1,1,0,1,E6C3-18,1,E6C3-18,E6C3,,,,,10,70,1,70×1,72×1,E6C3-18,660,22.003
72,010100000001000000100000000000000001000010000000100001010000000010000000001000000,11,"(0,1) (0,3) (1,2) (2,0) (3,8) (4,4) (5,3) (5,8) (6,1) (7,1) (8,2)",1,1,0,1,E6C3-18,1,E6C3-18,E6C3,,,,,10,71,1,71×1,73×1,E6C3-18,661,22.0363
73,000001000100000000000000010000000000001000100000000000000010000000000001000000100,8,"(0,5) (1,0) (2,7) (4,2) (4,6) (6,4) (7,8) (8,6)",1,1,0,1,E6C3-18,1,E6C3-18,E6C3,,,,,8,72,1,72×1,74×1,E6C3-18,672,22.403
74,000100000001000010000010000100000001000000000000010000000000000010000001000000011,11,"(0,3) (1,2) (1,7) (2,4) (3,0) (3,8) (5,4) (7,1) (7,8) (8,7) (8,8)",1,1,0,1,E6C3-18,1,E6C3-18,E6C3,,,,,9,73,1,73×1,75×1,E6C3-18,673,22.4363
75,000000001010000010000000000000011000000000000000001000110000000000000001100101100,13,"(0,8) (1,1) (1,7) (3,4) (3,5) (5,5) (6,0) (6,1) (7,8) (8,0) (8,3) (8,5) (8,6)",1,1,0,1,E6C3-18,1,E6C3-18,E6C3,,,,,10,74,1,74×1,76×1,E6C3-18,684,22.803
76,000000000000000010000000000000000000000100000000100000000000000000000000010001101,7,"(1,7) (4,3) (5,3) (8,1) (8,5) (8,6) (8,8)",1,1,0,1,E6C3-18,1,E6C3-18,E6C3,,,,,8,75,1,75×1,77×1,E6C3-18,690,23.003
77,011000000000000110000000010000000001000011100000000000100000000000000101000001000,13,"(0,1) (0,2) (1,6) (1,7) (2,7) (3,8) (4,4) (4,5) (4,6) (6,0) (7,6) (7,8) (8,5)",1,1,0,1,E6C3-18,1,E6C3-18,E6C3,,,,,11,76,1,76×1,78×1,E6C3-18,691,23.0363
78,010000001100000000010010000000000001000000100000000000000000000010000001010000000,10,"(0,1) (0,8) (1,0) (2,1) (2,4) (3,8) (4,6) (7,1) (7,8) (8,1)",1,1,0,1,E6C3-18,1,E6C3-18,E6C3,,,,,10,77,1,77×1,79×1,E6C3-18,697,23.2363
79,111000000000000000000000000000000000000000000000100000000000000001000000000001001,7,"(0,0) (0,1) (0,2) (5,3) (7,2) (8,5) (8,8)",1,1,0,1,E6C3-18,1,E6C3-18,E6C3,,,,,8,78,1,78×1,80×1,E6C3-18,708,23.603
80,010001000110000001000000000100111000001000000000000000000000000011000001010100000,15,"(0,1) (0,5) (1,0) (1,1) (1,8) (3,0) (3,3) (3,4) (3,5) (4,2) (7,1) (7,2) (7,8) (8,1) (8,3)",1,1,0,1,E6C3-18,1,E6C3-18,E6C3,,,,,12,79,1,79×1,81×1,E6C3-18,709,23.6363
81,000000000000000000000010000000010000000011000000000000100000000001000000100001000,8,"(2,4) (3,4) (4,4) (4,5) (6,0) (7,2) (8,0) (8,5)",2,2,0,2,E6C3-18; E6C4-V,2,E6C3-18; E6C4-V,E6C3; E6C4,,,,,8,80,1,80×1,82×2,E6C3-18,715,23.8363
82,001000010000000010000000001000000000000001000100000001010010000000000010000001110,13,"(0,2) (0,7) (1,7) (2,8) (4,5) (5,0) (5,8) (6,1) (6,4) (7,7) (8,5) (8,6) (8,7)",2,2,0,2,E6C3-18; E6C4-V,2,E6C3-18; E6C4-V,E6C3; E6C4,A,Track 3 (sparse) — E6C3-18 / E6C4-V payload,,,11,81,1,81×2,83×1; 113×1,E6C3-18,721,24.0363
83,010000000001000000000000000000000000000000100000000000000000011001000101000000000,8,"(0,1) (1,2) (4,6) (6,7) (6,8) (7,2) (7,6) (7,8)",1,1,0,1,E6C3-18,1,E6C3-18,E6C3,A,Track 3 (sparse) — E6C3-18 / E6C4-V payload,113,,1,82,2,82×1,84×1,E6C3-18,727,24.2363
84,000000000000000000000010010000000000000100000000010000000000010000000110000000100,8,"(2,4) (2,7) (4,3) (5,4) (6,7) (7,6) (7,7) (8,6)",1,1,0,1,E6C3-18,1,E6C3-18,E6C3,,,114,,1,83,2,83×1,85×1,E6C3-18,733,24.4363
85,101001000010000000000010000000000000000000100000000001010000000000000000010001010,11,"(0,0) (0,2) (0,5) (1,1) (2,4) (4,6) (5,8) (6,1) (8,1) (8,5) (8,7)",2,2,0,2,E6C3-18; E6C4-V,2,E6C3-18; E6C4-V,E6C3; E6C4,,,,,9,84,1,84×1; 114×1,86×2,E6C3-18,738,24.603
86,001000000000000010000000000000000000001001000000000001000000000000000100001001000,8,"(0,2) (1,7) (4,2) (4,5) (5,8) (7,6) (8,2) (8,5)",2,2,0,2,E6C3-18; E6C4-V,2,E6C3-18; E6C4-V,E6C3; E6C4,A,Track 3 (sparse) — E6C3-18 / E6C4-V payload,,,9,85,1,85×2,87×2,E6C3-18,744,24.803
87,000000000010000000000000010000000000000000100000001000010000000001000101000100010,10,"(1,1) (2,7) (4,6) (5,5) (6,1) (7,2) (7,6) (7,8) (8,3) (8,7)",2,2,0,2,E6C3-18; E6C4-V,2,E6C3-18; E6C4-V,E6C3; E6C4,A,Track 3 (sparse) — E6C3-18 / E6C4-V payload,,,8,86,1,86×2,88×2,E6C3-18,752,25.0696
88,000000000001000011000000000000000000000000000100000000000010000000000000000000000,5,"(1,2) (1,7) (1,8) (5,0) (6,4)",2,2,0,2,E6C3-18; E6C4-V,2,E6C3-18; E6C4-V,E6C3; E6C4,A,Track 3 (sparse) — E6C3-18 / E6C4-V payload,,,5,87,1,87×2,89×2,E6C3-18,757,25.2363
89,000000000000000000000000000000100000000010000000010000110000011000000000000100000,8,"(3,3) (4,4) (5,4) (6,0) (6,1) (6,7) (6,8) (8,3)",2,2,0,2,E6C3-18; E6C4-V,2,E6C3-18; E6C4-V,E6C3; E6C4,A,Track 3 (sparse) — E6C3-18 / E6C4-V payload,,,8,88,1,88×2,90×2,E6C3-18,763,25.4363
90,000000000000000000000010000000000000000000000000010000000000001000000010000000000,4,"(2,4) (5,4) (6,8) (7,7)",2,2,0,2,E6C3-18; E6C4-V,2,E6C3-18; E6C4-V,E6C3; E6C4,A,Track 3 (sparse) — E6C3-18 / E6C4-V payload,,,5,89,1,89×2,91×2,E6C3-18,769,25.6363
91,000000010010000100000000000000000000000001000000000001000000000001000000000000000,6,"(0,7) (1,1) (1,6) (4,5) (5,8) (7,2)",2,2,0,2,E6C3-18; E6C4-V,2,E6C3-18; E6C4-V,E6C3; E6C4,A,Track 3 (sparse) — E6C3-18 / E6C4-V payload,,,8,90,1,90×2,92×2,E6C3-18,775,25.8363
92,010000110100000000000010000100000000000000100000101001000000000000000101100100100,15,"(0,1) (0,6) (0,7) (1,0) (2,4) (3,0) (4,6) (5,3) (5,5) (5,8) (7,6) (7,8) (8,0) (8,3) (8,6)",2,2,0,2,E6C3-18; E6C4-V,2,E6C3-18; E6C4-V,E6C3; E6C4,A,Track 3 (sparse) — E6C3-18 / E6C4-V payload,,,12,91,1,91×2,93×2,E6C3-18,781,26.0363
93,001100000000000000000010000000000000000001000000000000000000000010000000011000000,7,"(0,2) (0,3) (2,4) (4,5) (7,1) (8,1) (8,2)",2,2,0,2,E6C3-18; E6C4-V,2,E6C3-18; E6C4-V,E6C3; E6C4,A,Track 3 (sparse) — E6C3-18 / E6C4-V payload,,,8,92,1,92×2,94×2,E6C3-18,787,26.2363
94,010100000000000111000000000100001000000000000100010000000010001000000000001001100,14,"(0,1) (0,3) (1,6) (1,7) (1,8) (3,0) (3,5) (5,0) (5,4) (6,4) (6,8) (8,2) (8,5) (8,6)",2,2,0,2,E6C3-18; E6C4-V,2,E6C3-18; E6C4-V,E6C3; E6C4,A,Track 3 (sparse) — E6C3-18 / E6C4-V payload,,,11,93,1,93×2,95×2,E6C3-18,794,26.4696
95,100000000100000000000000000000000000000000100000000000000010000010000010000000001,7,"(0,0) (1,0) (4,6) (6,4) (7,1) (7,7) (8,8)",2,2,0,2,E6C3-18; E6C4-V,2,E6C3-18; E6C4-V,E6C3; E6C4,A,Track 3 (sparse) — E6C3-18 / E6C4-V payload,,,7,94,1,94×2,96×2,E6C3-18,798,26.6029
96,001101000000000000010010000000000000001110100000000000000000000000000001001000010,12,"(0,2) (0,3) (0,5) (2,1) (2,4) (4,2) (4,3) (4,4) (4,6) (7,8) (8,2) (8,7)",2,2,0,2,E6C3-18; E6C4-V,2,E6C3-18; E6C4-V,E6C3; E6C4,A,Track 3 (sparse) — E6C3-18 / E6C4-V payload,,,11,95,1,95×2,97×2,E6C3-18,804,26.8029
97,000000000100000000000000000100110000000000000000010000000000010010000001100000000,9,"(1,0) (3,0) (3,3) (3,4) (5,4) (6,7) (7,1) (7,8) (8,0)",2,2,0,2,E6C3-18; E6C4-V,2,E6C3-18; E6C4-V,E6C3; E6C4,A,Track 3 (sparse) — E6C3-18 / E6C4-V payload,,,8,96,1,96×2,98×2,E6C3-18,811,27.0363
98,010001000100000100000010000000001001000010000000100000010000000001000000010001001,14,"(0,1) (0,5) (1,0) (1,6) (2,4) (3,5) (3,8) (4,4) (5,3) (6,1) (7,2) (8,1) (8,5) (8,8)",2,2,0,2,E6C3-18; E6C4-V,2,E6C3-18; E6C4-V,E6C3; E6C4,A,Track 3 (sparse) — E6C3-18 / E6C4-V payload,,,11,97,1,97×2,99×2,E6C3-18,816,27.2029
99,000000011010000000000000000000000000000100000000000000010010000001000000100000000,8,"(0,7) (0,8) (1,1) (4,3) (6,1) (6,4) (7,2) (8,0)",2,2,0,2,E6C3-18; E6C4-V,2,E6C3-18; E6C4-V,E6C3; E6C4,A,Track 3 (sparse) — E6C3-18 / E6C4-V payload,,,7,98,1,98×2,100×2,E6C3-18,822,27.4029
100,001000010000000000000000001100001000000100000000000000110010000000000010000000001,11,"(0,2) (0,7) (2,8) (3,0) (3,5) (4,3) (6,0) (6,1) (6,4) (7,7) (8,8)",2,2,0,2,E6C3-18; E6C4-V,2,E6C3-18; E6C4-V,E6C3; E6C4,A,Track 3 (sparse) — E6C3-18 / E6C4-V payload,,,11,99,1,99×2,101×2,E6C3-18,828,27.6029
101,000000010000000110100000000000000001000000000000100000000000000011000010100000000,10,"(0,7) (1,6) (1,7) (2,0) (3,8) (5,3) (7,1) (7,2) (7,7) (8,0)",2,2,0,2,E6C3-18; E6C4-V,2,E6C3-18; E6C4-V,E6C3; E6C4,A,Track 3 (sparse) — E6C3-18 / E6C4-V payload,,,9,100,1,100×2,102×2,E6C3-18,834,27.8029
102,100000000000000000000000000000010001000101000000000000000000010010000001001100000,10,"(0,0) (3,4) (3,8) (4,3) (4,5) (6,7) (7,1) (7,8) (8,2) (8,3)",2,2,0,2,E6C3-18; E6C4-V,2,E6C3-18; E6C4-V,E6C3; E6C4,A,Track 3 (sparse) — E6C3-18 / E6C4-V payload,,,8,101,1,101×2,115×1,E6C3-18,841,28.0363
103,001000101001000000000000000000000000000000000000000001000000000000000000001000100,7,"(0,2) (0,6) (0,8) (1,2) (5,8) (8,2) (8,6)",1,1,0,1,E6C3-1L,1,E6C3-1L,E6C3,A,Track 3 (sparse) — E6C3-18 / E6C4-V payload,,,8,102,1,,104×1,E6C3-1L,740,24.6727
104,000001001001000000000010000000000001000000000000000000000000000000000000000000001,6,"(0,5) (0,8) (1,2) (2,4) (3,8) (8,8)",1,1,0,1,E6C3-1L,1,E6C3-1L,E6C3,,,,,4,103,1,103×1,105×1,E6C3-1L,746,24.8727
105,000000010000000010000000000000101000000000000000000000000000000000000000000000000,4,"(0,7) (1,7) (3,3) (3,5)",1,1,0,1,E6C3-1L,1,E6C3-1L,E6C3,,,,,5,104,1,104×1,106×1,E6C3-1L,750,25.006
106,000000000000000000000000010000000000000000000100000000000000001000000101000000000,5,"(2,7) (5,0) (6,8) (7,6) (7,8)",1,1,0,1,E6C3-1L,1,E6C3-1L,E6C3,,,,,3,105,1,105×1,107×1,E6C3-1L,758,25.2726
107,000001000000000000000010000000000000000000000100000001000000000000000010000000000,5,"(0,5) (2,4) (5,0) (5,8) (7,7)",1,1,0,1,E6C3-1L,1,E6C3-1L,E6C3,,,,,5,106,1,106×1,12×1,E6C3-1L,759,25.306
108,001000000010000100000000000000010001000000000000000001000000010000000001100000101,11,"(0,2) (1,1) (1,6) (3,4) (3,8) (5,8) (6,7) (7,8) (8,0) (8,6) (8,8)",1,1,0,1,E6C3-1L,1,E6C3-1L,E6C3,,,,,4,107,1,12×1,109×1,E6C3-1L,776,25.8726
109,100000010000000000000000000000000000001010000000000000000000010000000001000000000,6,"(0,0) (0,7) (4,2) (4,4) (6,7) (7,8)",1,1,0,1,E6C3-1L,1,E6C3-1L,E6C3,,,,,4,108,1,108×1,110×1,E6C3-1L,782,26.0726
110,000001000010000100000000000100110000000001000000000000000000000000000010000000001,9,"(0,5) (1,1) (1,6) (3,0) (3,3) (3,4) (4,5) (7,7) (8,8)",1,1,0,1,E6C3-1L,1,E6C3-1L,E6C3,,,,15,2,15,2,109×1,111×1,E6C3-1L,789,26.3059
111,001000001000000101000000011000100000000000000000000000000010010100000000000000010,11,"(0,2) (0,8) (1,6) (1,8) (2,7) (2,8) (3,3) (6,4) (6,7) (7,0) (8,7)",1,1,0,1,E6C3-1L,1,E6C3-1L,E6C3,,,16,,1,16,2,110×1,17×1,E6C3-1L,795,26.5059
112,000001000000000000000000000000001000000000000100000000000010000000000100000000000,5,"(0,5) (3,5) (5,0) (6,4) (7,6)",17,11,6,17,E6C4-13; E6C4-16; E6C4-17; E6C4-18; E6C4-19; E6C4-1G; E6C4-1H; E6C4-2T; E6C4-2T [local capture]; E6C4-30; E6C4-30 [local capture]; E6C4-35; E6C5-2J; E6C5-N; E6C6-11; E6C6-1R; E6C6-21,15,E6C4-13; E6C4-16; E6C4-17; E6C4-18; E6C4-19; E6C4-1G; E6C4-1H; E6C4-2T; E6C4-30; E6C4-35; E6C5-2J; E6C5-N; E6C6-11; E6C6-1R; E6C6-21,E6C4; E6C5; E6C6,,,,,5,109,1,126×16,38×17,E6C5-N,1105,36.8446
113,000000000001000000000000000000000000000000100000000000000000011001000101000000000,7,"(1,2) (4,6) (6,7) (6,8) (7,2) (7,6) (7,8)",1,1,0,1,E6C4-V,1,E6C4-V,E6C4,,,83,,1,82,2,82×1,114×1,E6C4-V,643,21.4493
114,000000000000000000000010010000000000000100000000010000000000010000000110000000000,7,"(2,4) (2,7) (4,3) (5,4) (6,7) (7,6) (7,7)",1,1,0,1,E6C4-V,1,E6C4-V,E6C4,,,84,,1,83,2,113×1,85×1,E6C4-V,654,21.816
115,000000011000000000000010000000000001000100000100100000000000000010000000000000001,9,"(0,7) (0,8) (2,4) (3,8) (4,3) (5,0) (5,3) (7,1) (8,8)",1,1,0,1,E6C4-V,1,E6C4-V,E6C4,,,,,7,110,1,102×1,116×1,E6C4-V,762,25.4159
116,110100000000000000000000000000001000000001000000000000100000011000000001101001110,14,"(0,0) (0,1) (0,3) (3,5) (4,5) (6,0) (6,7) (6,8) (7,8) (8,0) (8,2) (8,5) (8,6) (8,7)",1,1,0,1,E6C4-V,1,E6C4-V,E6C4,,,,,13,111,1,115×1,,E6C4-V,768,25.6159
117,000000000011000000100000000100010000001010100000000000100000000010000100001000000,12,"(1,1) (1,2) (2,0) (3,0) (3,4) (4,2) (4,4) (4,6) (6,0) (7,1) (7,6) (8,2)",7,5,2,7,E6C4-13; E6C4-16; E6C4-1G; E6C4-2T; E6C4-2T [local capture]; E6C4-30; E6C6-11,6,E6C4-13; E6C4-16; E6C4-1G; E6C4-2T; E6C4-30; E6C6-11,E6C4; E6C6,,,,,11,112,1,128×3,118×7,E6C4-13,415,13.8416
118,000000000000000001000000000000000000000000000000101001000000000000000110000100000,7,"(1,8) (5,3) (5,5) (5,8) (7,6) (7,7) (8,3)",8,6,2,7,E6C4-13; E6C4-16; E6C4-1G; E6C4-2T; E6C4-2T [local capture]; E6C4-30; E6C6-11,6,E6C4-13; E6C4-16; E6C4-1G; E6C4-2T; E6C4-30; E6C6-11,E6C4; E6C6,I,Side track (5 broadcasts) — opener/tail segment,,,7,113,1,117×7; 118×1,119×6; 129×1; 118×1,E6C4-13,420,14.0082
119,000000000001000100000000010000110000001000000100000001000000000011000000100000001,12,"(1,2) (1,6) (2,7) (3,3) (3,4) (4,2) (5,0) (5,8) (7,1) (7,2) (8,0) (8,8)",11,6,5,11,E6C4-13; E6C4-16; E6C4-1G; E6C4-1H; E6C4-2T; E6C4-2T [local capture]; E6C4-30; E6C5-2J; E6C6-11; E6C6-1R; E6C6-21,10,E6C4-13; E6C4-16; E6C4-1G; E6C4-1H; E6C4-2T; E6C4-30; E6C5-2J; E6C6-11; E6C6-1R; E6C6-21,E6C4; E6C5; E6C6,I,Side track (5 broadcasts) — opener/tail segment,,,5,114,1,118×6; 129×1,120×11,E6C4-13,424,14.1415
120,000100000100000000000010000000100000000010000000100000000000010000000000100001000,9,"(0,3) (1,0) (2,4) (3,3) (4,4) (5,3) (6,7) (8,0) (8,5)",13,7,6,13,E6C4-13; E6C4-16; E6C4-18; E6C4-1G; E6C4-1H; E6C4-2T; E6C4-2T [local capture]; E6C4-30; E6C4-30 [local capture]; E6C5-2J; E6C6-11; E6C6-1R; E6C6-21,11,E6C4-13; E6C4-16; E6C4-18; E6C4-1G; E6C4-1H; E6C4-2T; E6C4-30; E6C5-2J; E6C6-11; E6C6-1R; E6C6-21,E6C4; E6C5; E6C6,,,,,9,115,1,119×11; 67×1,121×13,E6C4-13,429,14.3082
121,000000000101000000010000001100110000000000000100001000000000000100000000000000000,10,"(1,0) (1,2) (2,1) (2,8) (3,0) (3,3) (3,4) (5,0) (5,5) (7,0)",13,7,6,13,E6C4-13; E6C4-16; E6C4-18; E6C4-1G; E6C4-1H; E6C4-2T; E6C4-2T [local capture]; E6C4-30; E6C4-30 [local capture]; E6C5-2J; E6C6-11; E6C6-1R; E6C6-21,11,E6C4-13; E6C4-16; E6C4-18; E6C4-1G; E6C4-1H; E6C4-2T; E6C4-30; E6C5-2J; E6C6-11; E6C6-1R; E6C6-21,E6C4; E6C5; E6C6,F,Side track (7 broadcasts) — opener/tail segment,,,8,116,1,120×13,122×13,E6C4-13,430,14.3415
122,000000000000000000100010001000000000000000000000000000000000001001000010000000010,7,"(2,0) (2,4) (2,8) (6,8) (7,2) (7,7) (8,7)",14,8,6,13,E6C4-13; E6C4-16; E6C4-18; E6C4-1G; E6C4-1H; E6C4-2T; E6C4-2T [local capture]; E6C4-30; E6C4-30 [local capture]; E6C5-2J; E6C6-11; E6C6-1R; E6C6-21,11,E6C4-13; E6C4-16; E6C4-18; E6C4-1G; E6C4-1H; E6C4-2T; E6C4-30; E6C5-2J; E6C6-11; E6C6-1R; E6C6-21,E6C4; E6C5; E6C6,F,Side track (7 broadcasts) — opener/tail segment,,,5,117,1,121×13; 122×1,123×13; 122×1,E6C4-13,439,14.6415
123,000000000000000010000000000000000000000000000000000000010000000000000000100000000,3,"(1,7) (6,1) (8,0)",14,8,6,14,E6C4-13; E6C4-16; E6C4-18; E6C4-19; E6C4-1G; E6C4-1H; E6C4-2T; E6C4-2T [local capture]; E6C4-30; E6C4-30 [local capture]; E6C5-2J; E6C6-11; E6C6-1R; E6C6-21,12,E6C4-13; E6C4-16; E6C4-18; E6C4-19; E6C4-1G; E6C4-1H; E6C4-2T; E6C4-30; E6C5-2J; E6C6-11; E6C6-1R; E6C6-21,E6C4; E6C5; E6C6,F,Side track (7 broadcasts) — opener/tail segment,,,5,118,1,122×13,124×14,E6C4-13,444,14.8082
124,000100000100000000000000000000100001000010000000000000010010000000000000010000000,8,"(0,3) (1,0) (3,3) (3,8) (4,4) (6,1) (6,4) (8,1)",17,11,6,15,E6C4-13; E6C4-16; E6C4-17; E6C4-18; E6C4-19; E6C4-1G; E6C4-1H; E6C4-2T; E6C4-2T [local capture]; E6C4-30; E6C4-30 [local capture]; E6C5-2J; E6C6-11; E6C6-1R; E6C6-21,13,E6C4-13; E6C4-16; E6C4-17; E6C4-18; E6C4-19; E6C4-1G; E6C4-1H; E6C4-2T; E6C4-30; E6C5-2J; E6C6-11; E6C6-1R; E6C6-21,E6C4; E6C5; E6C6,,,,,8,119,1,123×14; 124×2,125×14; 124×2; 126×1,E6C4-13,445,14.8415
125,000001000000000010000000000000000000001010000000010000000010000100000000000000000,7,"(0,5) (1,7) (4,2) (4,4) (5,4) (6,4) (7,0)",15,9,6,15,E6C4-13; E6C4-16; E6C4-17; E6C4-18; E6C4-19; E6C4-1G; E6C4-1H; E6C4-2T [local capture]; E6C4-30; E6C4-30 [local capture]; E6C4-35; E6C5-2J; E6C6-11; E6C6-1R; E6C6-21,14,E6C4-13; E6C4-16; E6C4-17; E6C4-18; E6C4-19; E6C4-1G; E6C4-1H; E6C4-2T; E6C4-30; E6C4-35; E6C5-2J; E6C6-11; E6C6-1R; E6C6-21,E6C4; E6C5; E6C6,,,,,7,120,1,124×14,126×15,E6C4-13,450,15.0082
126,000000000000000000000000000000000000001000000000100000000000000001000010001000100,6,"(4,2) (5,3) (7,2) (7,7) (8,2) (8,6)",16,10,6,16,E6C4-13; E6C4-16; E6C4-17; E6C4-18; E6C4-19; E6C4-1G; E6C4-1H; E6C4-2T; E6C4-2T [local capture]; E6C4-30; E6C4-30 [local capture]; E6C4-35; E6C5-2J; E6C6-11; E6C6-1R; E6C6-21,14,E6C4-13; E6C4-16; E6C4-17; E6C4-18; E6C4-19; E6C4-1G; E6C4-1H; E6C4-2T; E6C4-30; E6C4-35; E6C5-2J; E6C6-11; E6C6-1R; E6C6-21,E6C4; E6C5; E6C6,,,,,7,121,1,125×15; 124×1,112×16,E6C4-13,455,15.1748
127,000000000000000000000000001000000001000111000000000000100000000000000000000100000,7,"(2,8) (3,8) (4,3) (4,4) (4,5) (6,0) (8,3)",1,1,0,1,E6C4-16,1,E6C4-16,E6C4,,,,134,2,122,2,,128×1,E6C4-16,491,16.3626
128,110000000101000000010000000000000000000000000000010000000010000001000000000000000,8,"(0,0) (0,1) (1,0) (1,2) (2,1) (5,4) (6,4) (7,2)",3,3,0,3,E6C4-16; E6C4-2T; E6C4-30,3,E6C4-16; E6C4-2T; E6C4-30,E6C4,,,,,6,123,1,134×2; 127×1,117×3,E6C4-16,496,16.5292
129,000000000001000100000000010000110000001000000100101001000000000011000110100100001,17,"(1,2) (1,6) (2,7) (3,3) (3,4) (4,2) (5,0) (5,3) (5,5) (5,8) (7,1) (7,2) (7,6) (7,7) (8,0) (8,3) (8,8)",1,1,0,1,E6C4-16,1,E6C4-16,E6C4,,,,,5,124,1,118×1,119×1,E6C4-16,514,17.1292
130,000001000001000000010000100100000000000000100100000000000000000000000001000000001,9,"(0,5) (1,2) (2,1) (2,6) (3,0) (4,6) (5,0) (7,8) (8,8)",1,1,0,1,E6C4-17,1,E6C4-17,E6C4,,,,39,2,38,2,38×1,131×1,E6C4-17,887,29.581
131,100000000000000000000000000000000000000001000100000000000000000010000000000001011,7,"(0,0) (4,5) (5,0) (7,1) (8,5) (8,7) (8,8)",5,1,4,5,E6C4-17; E6C4-2T [local capture]; E6C5-2J; E6C6-11; E6C6-21,5,E6C4-17; E6C4-2T; E6C5-2J; E6C6-11; E6C6-21,E6C4; E6C5; E6C6,,,40,,1,39,2,39×4; 130×1,41×4; 132×1,E6C4-17,893,29.781
132,000001000010000000010000000000000000001010000100000000000000000000000010000100001,9,"(0,5) (1,1) (2,1) (4,2) (4,4) (5,0) (7,7) (8,3) (8,8)",1,1,0,1,E6C4-17,1,E6C4-17,E6C4,,,,,3,125,1,131×1,42×1,E6C4-17,899,29.981
133,100000100001000000000000000000010000001000000000001000000000000100000000010100000,9,"(0,0) (0,6) (1,2) (3,4) (4,2) (5,5) (7,0) (8,1) (8,3)",4,1,3,4,E6C4-1G; E6C4-30 [local capture]; E6C5-13; E6C6-11,4,E6C4-1G; E6C4-30; E6C5-13; E6C6-11,E6C4; E6C5; E6C6,,,52,,1,51,2,51×4,53×1,E6C4-1G,919,30.626
134,110000000000000000000000001000000001000111000000000000100000000000000000000100000,9,"(0,0) (0,1) (2,8) (3,8) (4,3) (4,4) (4,5) (6,0) (8,3)",2,2,0,2,E6C4-2T; E6C4-30,2,E6C4-2T; E6C4-30,E6C4,,,,127,2,122,2,,128×2,E6C4-2T,865,28.8174
135,000000000001000000000010000100000001000000000000000000000000000001000000010001000,7,"(1,2) (2,4) (3,0) (3,8) (7,2) (8,1) (8,5)",3,2,1,3,E6C4-35; E6C6-D; Youtube_1,3,E6C4-35; E6C6-D; Youtube_1,E6C4; E6C6; Era 5 legacy,,,,,6,126,1,67×3,136×3,E6C4-35,249,8.3036
136,000000000100000000110010001100000000000000000000000000100000000000000001100001100,11,"(1,0) (2,0) (2,1) (2,4) (2,8) (3,0) (6,0) (7,8) (8,0) (8,5) (8,6)",3,2,1,3,E6C4-35; E6C6-D; Youtube_1,3,E6C4-35; E6C6-D; Youtube_1,E6C4; E6C6; Era 5 legacy,,,,,10,127,1,135×3,137×3,E6C4-35,255,8.5036
137,000001000001000010000000001000101001000010000000000000000000000010000100000000101,12,"(0,5) (1,2) (1,7) (2,8) (3,3) (3,5) (3,8) (4,4) (7,1) (7,6) (8,6) (8,8)",3,2,1,3,E6C4-35; E6C6-D; Youtube_1,3,E6C4-35; E6C6-D; Youtube_1,E6C4; E6C6; Era 5 legacy,,,,,10,128,1,136×3,138×3,E6C4-35,261,8.7036
138,000000000000000010000000000000000000000010000100100000000000000000000010000000000,5,"(1,7) (4,4) (5,0) (5,3) (7,7)",3,2,1,3,E6C4-35; E6C6-D; Youtube_1,3,E6C4-35; E6C6-D; Youtube_1,E6C4; E6C6; Era 5 legacy,,,,,5,129,1,137×3,139×3,E6C4-35,268,8.937
139,000100100000000000000000000000011000000110000000000000100000000000000000000000100,8,"(0,3) (0,6) (3,4) (3,5) (4,3) (4,4) (6,0) (8,6)",3,2,1,3,E6C4-35; E6C6-D; Youtube_1,3,E6C4-35; E6C6-D; Youtube_1,E6C4; E6C6; Era 5 legacy,,,,,7,130,1,138×3,146×2; 140×1,E6C4-35,272,9.0703
140,010000001000000000010010000000001000000010000001001000100000010001000000000000000,11,"(0,1) (0,8) (2,1) (2,4) (3,5) (4,4) (5,2) (5,5) (6,0) (6,7) (7,2)",1,1,0,1,E6C4-35,1,E6C4-35,E6C4,,,,146,2,131,2,139×1,141×1,E6C4-35,280,9.337
141,000000001000000010000010000000000000000010000100000000100000000000000000001000000,7,"(0,8) (1,7) (2,4) (4,4) (5,0) (6,0) (8,2)",3,2,1,3,E6C4-35; E6C6-D; Youtube_1,3,E6C4-35; E6C6-D; Youtube_1,E6C4; E6C6; Era 5 legacy,,,,,6,132,1,146×2; 140×1,142×3,E6C4-35,286,9.537
142,000000000000000010010010001100000000000000100000011000000000001000000100000000000,10,"(1,7) (2,1) (2,4) (2,8) (3,0) (4,6) (5,4) (5,5) (6,8) (7,6)",3,2,1,3,E6C4-35; E6C6-D; Youtube_1,3,E6C4-35; E6C6-D; Youtube_1,E6C4; E6C6; Era 5 legacy,,,,,8,133,1,141×3,143×3,E6C4-35,292,9.737
143,000000000100000110000000000000100000001000000000010000100000000110000101100000101,14,"(1,0) (1,6) (1,7) (3,3) (4,2) (5,4) (6,0) (7,0) (7,1) (7,6) (7,8) (8,0) (8,6) (8,8)",3,2,1,3,E6C4-35; E6C6-D; Youtube_1,3,E6C4-35; E6C6-D; Youtube_1,E6C4; E6C6; Era 5 legacy,,,,,11,134,1,142×3,144×2,E6C4-35,298,9.9369
144,000000000000000100010000000100010000001000100000000000010000000010000000010000010,10,"(1,6) (2,1) (3,0) (3,4) (4,2) (4,6) (6,1) (7,1) (8,1) (8,7)",2,2,0,2,E6C4-35; Youtube_1,2,E6C4-35; Youtube_1,E6C4; Era 5 legacy,,,,,10,135,1,143×2,145×1,E6C4-35,303,10.1036
145,000000000000000000100010000000100000000000000000000000010000001100000001100000100,9,"(2,0) (2,4) (3,3) (6,1) (6,8) (7,0) (7,8) (8,0) (8,6)",1,1,0,1,E6C4-35,1,E6C4-35,E6C4,,,,,8,136,1,144×1,1×1,E6C4-35,310,10.3369
146,010000001000000000010010000000001000000010000000101000100000010001000000000000000,11,"(0,1) (0,8) (2,1) (2,4) (3,5) (4,4) (5,3) (5,5) (6,0) (6,7) (7,2)",2,1,1,2,E6C6-D; Youtube_1,2,E6C6-D; Youtube_1,E6C6; Era 5 legacy,,,,140,2,131,2,139×2,141×2,Youtube_1,95,3.1794
